skill_overlap,missing_skills,bert_similarity,resume_len,jd_len,skill_density,resume_skills,jd_skills,match_score,resume_text,jd_text
7,14,0.2525596022605896,18,17,0.3333333333333333,"['analytics', 'c', 'data analytics', 'docker', 'go', 'html', 'html5', 'json', 'jwt', 'jwt auth', 'ml', 'mongodb', 'mysql', 'openvino', 'r', 'react', 'ruby', 'spark', 'sql', 'sqlite', 'typescript', 'visualization']","['c', 'ci', 'css', 'css3', 'figma', 'gcp', 'git', 'gitlab', 'go', 'html', 'ml', 'mongodb', 'postgresql', 'r', 'scikit learn', 'scikit-learn', 'sql', 'ssl', 'terraform', 'time series', 'tls']",42.6,json unit testing docker ruby mysql data analytics jwt auth typescript mongodb openvino visualization spark sqlite react html,tls ssl html time series scikit learn r css3 mongodb gcp figma problem solving postgresql terraform gitlab
4,14,0.30500757694244385,18,14,0.2222222222222222,"['analytics', 'c', 'data engineering', 'etl', 'gensim', 'git', 'github', 'go', 'jira', 'kafka', 'lightgbm', 'macos', 'mongodb', 'mysql', 'neural networks', 'r', 'sql', 'xgboost']","['ai', 'airflow', 'bitbucket', 'business intelligence', 'c', 'express', 'html', 'jira', 'ml', 'neural networks', 'onnx', 'openvino', 'python', 'r', 'react', 'react.js', 'reactjs', 'sass']",41.9,gensim analytics kafka neural networks macos sql github mongodb etl xgboost lightgbm machine learning data engineering mysql jira,react.js onnx html sass airflow neural networks openvino jira bitbucket python express business intelligence
4,14,0.394567608833313,14,20,0.2222222222222222,"['backend', 'bash', 'c', 'cross validation', 'elasticsearch', 'git', 'gitlab', 'html', 'html5', 'ml', 'node.js', 'probability', 'r', 'react', 'regression', 'spark', 'tableau', 'tensorflow']","['amazon web services', 'c', 'design patterns', 'django', 'go', 'graphql', 'linux', 'llm', 'mongodb', 'notion', 'penetration testing', 'r', 'react', 'react.js', 'reactjs', 'tensorflow', 'tls', 'xgboost']",40.4,html5 react tensorflow regression bash backend cross validation spark elasticsearch probability tableau gitlab node.js,aws graphql react.js design patterns django tensorflow linux penetration testing mongodb unit testing xgboost notion llm tls amazon web services
3,11,0.48900580406188965,10,16,0.21428571428571427,"['c', 'ci', 'deep learning', 'etl', 'exploratory data analysis', 'netlify', 'r']","['bash', 'c', 'cloudflare', 'dl', 'exploratory data analysis', 'frontend', 'gpt', 'ml', 'mlops', 'power bi', 'powerbi', 'r', 'ssl', 'windows']",43.4,deep learning netlify scikit-learn exploratory data analysis data cleaning c#,gpt mlops exploratory data analysis windows data pipeline frontend c# ssl dl bash powerbi ml cloudflare
3,9,0.22338062524795532,19,11,0.25,"['amazon web services', 'bash', 'bert', 'business intelligence', 'c', 'c++', 'collaboration', 'dart', 'data engineering', 'dl', 'go', 'kafka', 'mongodb', 'nosql', 'openvino', 'pytorch', 'r', 'sql', 'torch', 'zsh']","['ai', 'azure', 'c', 'gcp', 'gpt', 'kubernetes', 'oracle', 'r', 'scrum', 'spark', 'time series', 'torch']",38.7,data engineering zsh collaboration dl amazon web services mongodb business intelligence kafka pytorch c++ openvino nosql c bash bert,azure kubernetes gcp time series gpt torch ai spark scrum oracle
4,11,0.29374152421951294,9,12,0.26666666666666666,"['agile', 'c', 'c++', 'etl', 'ios', 'json', 'jupyter', 'llm', 'php', 'r', 'typescript']","['api', 'c', 'dart', 'data visualization', 'docker', 'etl', 'hadoop', 'json', 'oop', 'probability', 'r', 'react', 'rest', 'visualization', 'xgboost']",37.7,json php jupyter llm ios etl agile typescript c++,data visualization probability json docker rest devops react xgboost api etl hadoop
5,7,0.22697344422340393,11,8,0.4166666666666667,"['big data', 'c', 'dart', 'git', 'github', 'gitlab', 'go', 'keras', 'mongodb', 'mysql', 'power bi', 'powerbi', 'r', 'sql', 'statistics']","['ai', 'c', 'c++', 'expo', 'git', 'github', 'gitlab', 'langchain', 'nlp', 'nltk', 'r', 'redis']",43.8,power bi github big data gitlab mongodb mysql statistics keras dart,gitlab nltk redis c++ github expo langchain nlp
2,12,0.16601373255252838,6,11,0.14285714285714285,"['agile', 'bdd', 'c', 'css', 'etl', 'java', 'nlp']","['aws', 'business intelligence', 'c', 'docker', 'etl', 'expo', 'netlify', 'r', 'react', 'redis', 'sql', 'sqlite', 'terraform', 'ubuntu']",23.5,nlp etl bdd agile css java,ubuntu redis business intelligence expo aws sqlite netlify docker terraform react
5,10,0.34364575147628784,17,14,0.3333333333333333,"['c', 'dl', 'express', 'html', 'html5', 'integration testing', 'jwt', 'matlab', 'ml', 'mysql', 'node.js', 'onnx', 'owasp', 'r', 'react', 'react.js', 'reactjs', 'ruby', 'snowflake', 'sql', 'time series']","['ai', 'bash', 'business intelligence', 'c', 'calculus', 'confluence', 'gcp', 'jupyter', 'langchain', 'mern', 'r', 'react', 'react.js', 'reactjs', 'tensorflow']",47.2,node.js integration testing onnx express sql jwt ruby matlab html5 mysql time series snowflake dl react.js owasp,langchain jupyter bash tensorflow mern react.js ai deep learning confluence gcp calculus business intelligence
2,13,0.21586786210536957,9,17,0.13333333333333333,"['bitbucket', 'c', 'calculus', 'dart', 'graphql', 'nlp', 'r', 'react', 'react.js', 'reactjs', 'scrum', 'sql', 'sqlite']","['c', 'confluence', 'dl', 'git', 'github', 'llm', 'natural language processing', 'notion', 'numpy', 'penetration testing', 'r', 'redis', 'spring', 'spring boot', 'zsh']",25.4,data pipeline sqlite react.js bitbucket calculus nlp scrum graphql,natural language processing zsh confluence redis data cleaning penetration testing github llm spring boot dl numpy notion
4,12,0.1498941332101822,10,18,0.25,"['bash', 'c', 'ci', 'css', 'dbt', 'hadoop', 'jquery', 'nlp', 'oop', 'r', 'spring', 'spring boot']","['ai', 'c', 'ci', 'cross validation', 'data engineering', 'data pipeline', 'data scientist', 'figma', 'flask', 'heroku', 'json', 'kafka', 'oop', 'r', 'tailwind', 'tls']",26.1,dbt css nlp jquery bash spring boot data science hadoop,flask cross validation data scientist tls data wrangling oop tailwind heroku json figma data pipeline kafka data engineering
3,19,0.08152039349079132,18,14,0.13636363636363635,"['c', 'git', 'gitlab', 'java', 'keras', 'model evaluation', 'mysql', 'neural networks', 'project management', 'r', 'redis', 'slack', 'sql', 'tdd', 'transformers', 'vercel']","['c', 'css', 'css3', 'cv', 'docker', 'git', 'github', 'html', 'html5', 'ml', 'opencv', 'pytorch', 'r', 'react', 'react native', 'react.js', 'reactjs', 'time series', 'torch', 'visualization', 'windows', 'xml']",28.2,mysql model evaluation redis keras vercel tdd gitlab sql transformers neural networks slack machine learning project management java,visualization react.js react native xml github html5 css3 pytorch time series opencv docker windows
2,9,0.18137651681900024,19,13,0.18181818181818182,"['azure', 'c', 'colab', 'css', 'cv', 'design patterns', 'docker', 'eda', 'etl', 'express', 'git', 'github', 'jwt', 'large language model', 'netlify', 'next.js', 'opencv', 'powershell', 'r', 'sql', 'sql server']","['api', 'business intelligence', 'c', 'ci', 'dl', 'exploratory data analysis', 'java', 'kubernetes', 'oop', 'r', 'rest']",34.5,netlify express colab github css azure large language model powershell sql server eda jwt design patterns next.js opencv docker,business intelligence rest kubernetes dl java oop exploratory data analysis api scikit-learn rest
2,10,0.16877534985542297,14,10,0.16666666666666666,"['bash', 'c', 'cassandra', 'css', 'css3', 'dart', 'databricks', 'design patterns', 'html', 'html5', 'ml', 'numpy', 'python', 'r', 'slack']","['c', 'c++', 'docker', 'hive', 'huggingface', 'powershell', 'r', 'react', 'react native', 'redux', 'rest', 'time series']",33.4,data cleaning numpy python bash design patterns r slack cassandra ml css3 databricks html,time series huggingface c++ redux docker rest powershell react native
1,5,0.19499105215072632,9,6,0.16666666666666666,"['bash', 'c', 'css', 'css3', 'dart', 'go', 'mongodb', 'nltk', 'r', 'react', 'react native', 'tableau']","['angular', 'dl', 'ml', 'python', 'r', 'sql']",34.7,data pipeline nltk react native css3 bash tableau mongodb,angular dl mlops sql python ml
6,9,0.41335102915763855,12,12,0.4,"['ai', 'analytics', 'c', 'computer vision', 'css', 'css3', 'gcp', 'git', 'github', 'go', 'langchain', 'mongodb', 'oop', 'r', 'vscode']","['ai', 'c', 'ci', 'dbt', 'etl', 'gcp', 'git', 'github', 'node.js', 'powershell', 'r', 'scikit learn', 'scikit-learn', 'tailwind', 'torch']",52.7,vscode gcp css mongodb github computer vision pandas css3 langchain oop analytics,torch etl r scikit learn dbt powershell github tailwind gcp github node.js
2,7,0.035130441188812256,16,7,0.2222222222222222,"['angular', 'api', 'c', 'calculus', 'css', 'django', 'go', 'jquery', 'jwt', 'node.js', 'oauth', 'python', 'r', 'react', 'react native', 'ruby', 'ssl', 'typescript', 'vue', 'vue.js']","['azure', 'bdd', 'c', 'cloudflare', 'docker', 'etl', 'hive', 'next.js', 'r']",28.4,ssl angular css jquery typescript api calculus jwt django oauth ruby python vue.js react native node.js,azure etl hive bdd next.js docker cloudflare
2,8,0.23399841785430908,20,13,0.2,"['c', 'c++', 'cross validation', 'git', 'github', 'go', 'linux', 'mongodb', 'natural language processing', 'nlp', 'pandas', 'php', 'r', 'rest', 'spring', 'spring boot', 'sql', 'sql server', 'tensorflow', 'tls']","['amazon web services', 'big data', 'c', 'cv', 'encryption', 'jira', 'machine learning', 'opencv', 'r', 'react']",37.7,php git tensorflow spring boot pandas mongodb sql server linux natural language processing cross validation rest tls nlp c++ github,big data machine learning model serving opencv jira react amazon web services encryption
2,12,0.1592656522989273,10,13,0.14285714285714285,"['azure', 'backend', 'c', 'hive', 'linux', 'llm', 'matlab', 'penetration testing', 'r', 'unit testing']","['aws', 'c', 'cassandra', 'jira', 'jquery', 'mysql', 'postgresql', 'power bi', 'powerbi', 'r', 'redux', 'sql', 'tableau', 'time series']",27.6,azure unit testing penetration testing linux llm matlab hive backend,mysql postgresql time series power bi mysql aws tableau jquery redux cassandra jira
2,12,0.330434113740921,20,13,0.14285714285714285,"['c', 'computer vision', 'css', 'docker', 'git', 'gpt', 'hadoop', 'kubernetes', 'natural language processing', 'next.js', 'oop', 'r', 'react', 'react.js', 'reactjs', 'regression', 'unit testing']","['angular', 'big data', 'bootstrap', 'c', 'cv', 'etl', 'expo', 'express', 'hive', 'netlify', 'node.js', 'r', 'spring', 'spring boot']",40.8,gpt kubernetes react css react.js natural language processing next.js computer vision git unit testing hadoop docker data wrangling react regression,express expo bootstrap node.js big data angular hive c cv netlify spring boot
2,12,0.1988740861415863,7,13,0.14285714285714285,"['big data', 'c', 'databricks', 'oop', 'r', 'ruby', 'stable diffusion', 'unit testing']","['c', 'c++', 'cv', 'dart', 'git', 'github', 'graphql', 'kubernetes', 'ml', 'nlp', 'postman', 'r', 'ssl', 'tdd']",25.0,stable diffusion ruby unit testing databricks oop,github machine learning cv dart mlops kubernetes c++ ssl nlp graphql tdd postman
2,8,0.1885269284248352,15,11,0.2,"['azure', 'c', 'heroku', 'java', 'jupyter', 'kafka', 'macos', 'notion', 'oauth', 'postgresql', 'r', 'react', 'react.js', 'reactjs', 'redis', 'rest', 'sql', 'tensorflow', 'transformers']","['business intelligence', 'c', 'git', 'gitlab', 'jwt', 'ml', 'nlp', 'problem solving', 'r', 'ssl']",35.4,azure r tensorflow macos heroku java rest transformers kafka redis notion react.js oauth postgresql jupyter,full-stack c# business intelligence nlp ssl gitlab ml jwt problem solving
2,7,0.19392918050289154,14,9,0.2222222222222222,"['bootstrap', 'c', 'deep learning', 'gpt', 'kafka', 'linux', 'mysql', 'power bi', 'powerbi', 'r', 'react', 'react.js', 'reactjs', 'sql', 'unit testing', 'vue', 'vue.js']","['c', 'c++', 'exploratory data analysis', 'heroku', 'jira', 'nltk', 'python', 'r', 'tls']",36.4,unit testing deep learning mysql powerbi reactjs gpt bootstrap react.js react vue.js linux kafka,tls heroku jira python exploratory data analysis c++ nltk
4,7,0.23613287508487701,12,8,0.36363636363636365,"['api', 'c', 'c++', 'git', 'github', 'java', 'javascript', 'jwt', 'jwt auth', 'ml', 'powershell', 'python', 'pytorch', 'r', 'spark', 'torch', 'ubuntu']","['c', 'ci', 'design patterns', 'kafka', 'onnx', 'pytorch', 'r', 'scikit learn', 'scikit-learn', 'tensorflow', 'torch']",42.7,jwt auth javascript github c++ pytorch mlops api spark python powershell ubuntu,onnx design patterns kafka scikit learn pytorch tensorflow
3,14,0.20044371485710144,19,15,0.17647058823529413,"['api', 'big data', 'bootstrap', 'c', 'dl', 'expo', 'html', 'keras', 'large language model', 'mern', 'ml', 'mysql', 'r', 'react', 'react.js', 'reactjs', 'rest', 'rest api', 'sql', 'visualization']","['c', 'ci', 'cv', 'design patterns', 'etl', 'go', 'heroku', 'java', 'mern', 'mongodb', 'onnx', 'opencv', 'r', 'scikit learn', 'scikit-learn', 'statistics', 'swift']",35.3,dl data cleaning rest api react.js expo mern html mysql html visualization large language model big data bootstrap keras,mern problem solving opencv heroku etl mongodb java scikit learn onnx swift design patterns statistics
3,13,0.15707546472549438,11,10,0.1875,"['analytics', 'c', 'data analytics', 'expo', 'express', 'html', 'html5', 'jquery', 'ml', 'numpy', 'probability', 'python', 'r', 'sql', 'sql server']","['ai', 'c', 'ci', 'css', 'css3', 'gcp', 'integration testing', 'penetration testing', 'probability', 'r', 'react', 'react native', 'scikit learn', 'scikit-learn', 'tailwind', 'unit testing']",33.5,express sql server jquery numpy probability data analytics html5 pandas python,tailwind css3 probability react native gcp scikit learn penetration testing
3,6,0.40392860770225525,7,6,0.3333333333333333,"['c', 'docker', 'gcp', 'kafka', 'r', 'react', 'react native', 'sql', 'typescript']","['c', 'css', 'css3', 'flutter', 'node.js', 'postgresql', 'r', 'sql', 'sql server']",50.2,gcp typescript kafka docker react native sql,node.js postgresql sql server flutter css3
2,13,0.18869079649448395,9,12,0.13333333333333333,"['agile', 'c', 'cd', 'dl', 'go', 'jwt', 'jwt auth', 'kafka', 'mongodb', 'pandas', 'r', 'tensorflow']","['bash', 'c', 'c++', 'ci', 'cloudflare', 'data scientist', 'html', 'html5', 'keras', 'ml', 'next.js', 'owasp', 'probability', 'python', 'r']",28.4,mongodb pandas agile dl kafka tensorflow jwt auth cd,bash data scientist probability keras c cloudflare c++ python next.js owasp html
2,9,0.15813665091991425,9,8,0.18181818181818182,"['agile', 'azure', 'dart', 'go', 'html', 'html5', 'kotlin', 'ml', 'r']","['angular', 'azure', 'git', 'github', 'hive', 'matlab', 'python', 'r', 'sql', 'sqlite', 'tableau']",33.4,go dart agile problem solving azure kotlin agile html,python tableau angular matlab github hive azure sqlite
6,12,0.26096221804618835,15,19,0.3333333333333333,"['bitbucket', 'c', 'c++', 'computer vision', 'etl', 'frontend', 'go', 'hadoop', 'mongodb', 'netlify', 'node.js', 'nodejs', 'notion', 'oop', 'postgresql', 'postman', 'power bi', 'powerbi', 'problem solving', 'r', 'sql']","['ai', 'android', 'big data', 'c', 'ci', 'computer vision', 'data scientist', 'deep learning', 'langchain', 'neural networks', 'node.js', 'power bi', 'powerbi', 'python', 'r', 'rest', 'statistics', 'tailwind']",38.8,c++ bitbucket problem solving netlify mongodb powerbi notion frontend postman hadoop computer vision nodejs postgresql,statistics computer vision power bi data scientist rest python neural networks tailwind node.js android data wrangling langchain deep learning
4,13,0.3889516294002533,19,17,0.23529411764705882,"['ai', 'amazon web services', 'c', 'c++', 'cross validation', 'css', 'css3', 'etl', 'flask', 'hive', 'lightgbm', 'matplotlib', 'model evaluation', 'node.js', 'nodejs', 'r', 'tailwind']","['agile', 'amazon web services', 'c', 'c++', 'encryption', 'go', 'gpt', 'html', 'mern', 'ml', 'mongodb', 'neural networks', 'nlp', 'oop', 'project management', 'r', 'rest']",46.5,lightgbm c++ c flask hive cross validation amazon web services model evaluation matplotlib tailwind etl nodejs data analysis css,nlp mongodb rest gpt oop neural networks html amazon web services agile encryption project management mern c++
1,15,0.166041299700737,13,12,0.0625,"['agile', 'ai', 'airflow', 'api', 'dbt', 'jwt', 'kafka', 'node.js', 'nodejs', 'r', 'tensorflow', 'test driven development']","['angular', 'c', 'ci', 'django', 'go', 'nlp', 'numpy', 'r', 'redux', 'sass', 'scikit learn', 'scikit-learn', 'seaborn', 'ssl', 'tableau', 'xgboost']",30.2,api airflow jwt tensorflow test driven development agile nodejs unit testing dbt kafka,scikit learn redux seaborn xgboost ssl angular sass django nlp tableau numpy
2,4,0.2628094255924225,18,6,0.3333333333333333,"['bash', 'bert', 'dbt', 'etl', 'exploratory data analysis', 'html', 'integration testing', 'java', 'ml', 'postgresql', 'r', 'rest', 'sass', 'spring', 'spring boot', 'sql', 'windows']","['bert', 'c', 'c++', 'ci', 'feature engineering', 'r']",43.1,java html bash sass postgresql rest etl windows spring boot bert exploratory data analysis integration testing dbt rest,feature engineering c bert c++ ci
4,16,0.23984819650650024,14,13,0.2,"['api', 'c', 'ci', 'exploratory data analysis', 'git', 'java', 'javascript', 'json', 'linear algebra', 'nlp', 'onnx', 'r', 'zsh']","['api', 'c', 'django', 'express', 'git', 'gitlab', 'go', 'google cloud', 'html', 'jenkins', 'jquery', 'keras', 'ml', 'r', 'react', 'react.js', 'reactjs', 'rest', 'rest api', 'spark']",38.0,javascript nlp json zsh onnx ci linear algebra api java git exploratory data analysis,gitlab rest api html google cloud jenkins jquery spark keras reactjs express django
3,15,0.261651873588562,21,20,0.16666666666666666,"['amazon web services', 'api', 'business intelligence', 'c', 'collaboration', 'computer vision', 'etl', 'go', 'google cloud', 'gpt', 'netlify', 'numpy', 'r', 'rest', 'rest api', 'ruby', 'tdd', 'tensorflow', 'vue']","['analytics', 'bash', 'c', 'ci', 'cross validation', 'go', 'java', 'javascript', 'kubernetes', 'large language model', 'macos', 'oracle', 'pandas', 'r', 'redis', 'scikit learn', 'scikit-learn', 'swift']",38.1,rest api tdd tensorflow computer vision vue devops numpy netlify ruby gpt amazon web services collaboration google cloud go business intelligence,oracle javascript large language model scikit learn kubernetes full-stack cross validation bash data cleaning swift macos go redis analytics pandas
2,7,0.17298386991024017,13,6,0.2222222222222222,"['ansible', 'c', 'communication', 'cv', 'dbt', 'etl', 'jira', 'llm', 'natural language processing', 'netlify', 'opencv', 'r', 'transformers', 'typescript']","['aws', 'c', 'databricks', 'express', 'mysql', 'owasp', 'r', 'seaborn', 'sql']",35.3,ansible opencv netlify dbt natural language processing devops llm transformers typescript communication jira,owasp express seaborn databricks aws mysql
4,5,0.3439832329750061,11,7,0.4444444444444444,"['api', 'c', 'express', 'git', 'github', 'penetration testing', 'r', 'react', 'react.js', 'reactjs', 'spring', 'sql', 'sql server', 'tdd']","['c', 'cloudflare', 'git', 'html', 'html5', 'ml', 'r', 'react', 'tensor rt']",50.5,penetration testing tdd github reactjs sql server express react spring api,tensor rt git cloudflare r react html5
6,9,0.3548316955566406,19,11,0.4,"['bash', 'c', 'c++', 'cross validation', 'graphql', 'integration testing', 'neural networks', 'node.js', 'r', 'ruby', 'spark', 'spring', 'spring boot', 'tableau', 'torch', 'trello']","['aws', 'c', 'c++', 'etl', 'git', 'netlify', 'php', 'postgresql', 'pytorch', 'r', 'spring', 'spring boot', 'sql', 'sql server', 'torch']",49.7,torch data analysis cross validation spring boot neural networks graphql integration testing trello bash ruby c++ node.js spark tableau,php c++ sql server pytorch aws git netlify spring boot postgresql
6,10,0.30505824089050293,16,10,0.375,"['ai', 'bash', 'c', 'git', 'huggingface', 'java', 'javascript', 'next.js', 'pandas', 'pytorch', 'r', 'sql', 'tableau', 'tailwind', 'torch', 'vscode']","['c', 'colab', 'cv', 'expo', 'figma', 'git', 'gitlab', 'go', 'huggingface', 'java', 'javascript', 'mongodb', 'opencv', 'r', 'trello', 'windows']",46.5,git problem solving tailwind huggingface javascript pandas bash tableau ai vscode next.js sql data wrangling pytorch,expo gitlab colab opencv huggingface mongodb trello windows figma javascript
4,11,0.26019731163978577,15,13,0.26666666666666666,"['api', 'bash', 'bert', 'c', 'ci', 'cv', 'data scientist', 'git', 'go', 'jquery', 'kafka', 'mongodb', 'opencv', 'postgresql', 'r', 'sql', 'ssl', 'unit testing', 'visualization']","['analytics', 'c', 'ci', 'css', 'docker', 'flask', 'graphql', 'jquery', 'node.js', 'problem solving', 'pytorch', 'r', 'spring', 'torch', 'windows']",41.0,git bash ssl kafka data scientist opencv jquery mongodb visualization postgresql bert api unit testing,problem solving css pytorch spring jquery docker windows ci node.js graphql flask analytics
2,8,0.04886683449149132,12,7,0.2,"['ai', 'airflow', 'analytics', 'c', 'ci', 'hadoop', 'huggingface', 'linux', 'llm', 'matplotlib', 'oop', 'r', 'scikit learn', 'scikit-learn', 'tensorflow', 'typescript']","['c', 'c++', 'cd', 'figma', 'java', 'kotlin', 'ml', 'r', 'vercel', 'xml']",28.4,ci matplotlib airflow analytics hadoop linux huggingface llm scikit learn tensorflow typescript,xml vercel java c++ cd kotlin figma
3,18,0.13638685643672943,6,15,0.14285714285714285,"['bert', 'c', 'dart', 'go', 'r', 'react', 'react.js', 'reactjs', 'sql']","['c', 'collaboration', 'css', 'devops', 'django', 'eda', 'etl', 'gcp', 'go', 'html', 'java', 'javascript', 'ml', 'nlp', 'notion', 'power bi', 'powerbi', 'r', 'redis', 'seaborn', 'xgboost']",19.1,bert sql r dart react.js go,collaboration gcp css django redis etl seaborn html notion powerbi nlp xgboost eda javascript devops
3,12,0.08851238340139389,12,12,0.2,"['c', 'c++', 'ci', 'computer vision', 'cv', 'data scientist', 'linux', 'penetration testing', 'r', 'tls', 'unit testing']","['c', 'cd', 'ci', 'css', 'css3', 'django', 'git', 'go', 'hive', 'json', 'ml', 'oauth', 'r', 'sklearn', 'slack']",30.4,c++ cv data scientist penetration testing computer vision linux unit testing tls,css slack ci/cd hive ml git json django data wrangling sklearn oauth
1,8,0.15685974061489105,17,10,0.1111111111111111,"['angular', 'c', 'ci', 'computer vision', 'git', 'integration testing', 'java', 'javascript', 'oauth', 'pytorch', 'r', 'regression', 'scikit learn', 'scikit-learn', 'tableau', 'torch', 'windows']","['express', 'matlab', 'mysql', 'owasp', 'python', 'r', 'ruby', 'spark', 'sql']",31.2,regression c# pytorch oauth angular windows integration testing computer vision git data pipeline javascript scikit learn tableau,owasp spark ruby mysql python spark data wrangling express matlab
2,10,0.1397513598203659,9,12,0.16666666666666666,"['c', 'design patterns', 'etl', 'macos', 'postman', 'r', 'react', 'react native', 'ubuntu']","['bdd', 'c', 'c++', 'calculus', 'deep learning', 'expo', 'express', 'matlab', 'mysql', 'r', 'rest', 'sql']",27.0,react native ubuntu etl design patterns postman macos r,express c++ problem solving rest calculus bdd c++ deep learning mysql matlab
3,13,0.24262553453445435,11,15,0.1875,"['c', 'design patterns', 'dl', 'express', 'flutter', 'jupyter', 'linear algebra', 'notion', 'r', 'react', 'react.js', 'reactjs', 'tensorflow']","['api', 'c', 'git', 'mariadb', 'mysql', 'neural networks', 'notion', 'numpy', 'owasp', 'r', 'rest', 'rest api', 'ruby', 'slack', 'sql', 'typescript']",32.4,notion flutter jupyter express dl linear algebra react.js design patterns tensorflow,ruby notion numpy neural networks owasp machine learning rest api mariadb slack git mysql typescript
4,18,0.3433089554309845,11,19,0.18181818181818182,"['c', 'cd', 'colab', 'eda', 'etl', 'flask', 'gensim', 'gpt', 'r']","['analytics', 'big data', 'c', 'cd', 'ci', 'data analytics', 'data engineering', 'data visualization', 'etl', 'keras', 'model deployment', 'mysql', 'netlify', 'r', 'react', 'react.js', 'reactjs', 'scikit learn', 'scikit-learn', 'snowflake', 'sql', 'visualization']",34.2,gpt colab machine learning cd flask etl gensim etl c eda,model deployment cd react.js data visualization snowflake netlify r data engineering scikit learn mysql big data data analytics keras
3,18,0.2718895673751831,7,16,0.14285714285714285,"['c', 'ios', 'kubernetes', 'penetration testing', 'r', 'react', 'xgboost']","['ai', 'api', 'c', 'cd', 'ci', 'cloudflare', 'exploratory data analysis', 'git', 'hive', 'probability', 'r', 'react', 'react.js', 'reactjs', 'rest', 'rest api', 'spacy', 'tailwind', 'terraform', 'tls', 'vscode']",26.6,xgboost r ios kubernetes penetration testing react,rest api react.js ci/cd tailwind tls exploratory data analysis probability hive terraform spacy cloudflare vscode git
3,14,0.2570050060749054,8,14,0.17647058823529413,"['c', 'figma', 'html', 'html5', 'ml', 'model evaluation', 'r', 'scrum', 'time series', 'zsh']","['analytics', 'bert', 'c', 'c++', 'data analytics', 'figma', 'flask', 'flutter', 'java', 'jenkins', 'jquery', 'linux', 'mysql', 'postgresql', 'r', 'sql', 'tdd']",29.6,scrum figma html5 model evaluation time series zsh,figma java c++ mysql jquery jenkins data analytics bert flutter flask tdd postgresql linux
1,14,0.17446543276309967,7,16,0.06666666666666667,"['big data', 'c', 'calculus', 'dl', 'etl', 'jwt', 'jwt auth']","['bash', 'c', 'expo', 'html', 'html5', 'keras', 'ml', 'natural language processing', 'openvino', 'postgresql', 'r', 'react', 'reactjs', 'sql', 'tensor rt']",19.5,etl dl calculus jwt auth big data,tensor rt postgresql ml openvino expo keras bash html5 data analysis react sass natural language processing
6,14,0.43808165192604065,17,18,0.3,"['android', 'c', 'css', 'css3', 'cv', 'jwt', 'keras', 'neural networks', 'next.js', 'node.js', 'opencv', 'r', 'react', 'react.js', 'reactjs', 'scrum', 'spacy', 'time series', 'vue']","['c', 'cd', 'computer vision', 'css', 'css3', 'django', 'eda', 'feature engineering', 'go', 'mern', 'openvino', 'r', 'react', 'react native', 'spark', 'sql', 'sql server', 'vscode', 'vue', 'vue.js']",49.8,react next.js r opencv vue spacy keras time series neural networks jwt scrum react.js android node.js css3,vscode vue.js mern sql css3 react native spark cd django computer vision openvino feature engineering sql server eda
4,11,0.4413052201271057,15,13,0.26666666666666666,"['c', 'ci', 'communication', 'databricks', 'html', 'kafka', 'linux', 'ml', 'node.js', 'nodejs', 'powershell', 'r', 'tdd', 'ubuntu']","['c', 'ci', 'hadoop', 'kafka', 'large language model', 'lightgbm', 'mysql', 'nlp', 'numpy', 'oop', 'power bi', 'powerbi', 'r', 'sql', 'typescript']",50.1,kafka powershell communication data science ci html databricks linux tdd nodejs databricks machine learning ubuntu,mysql power bi large language model kafka numpy scikit-learn hadoop typescript lightgbm nlp
5,4,0.3044453263282776,15,7,0.5555555555555556,"['agile', 'api', 'bitbucket', 'c', 'computer vision', 'css', 'databricks', 'eda', 'html', 'html5', 'jquery', 'ml', 'mysql', 'numpy', 'r', 'scrum', 'sql']","['bootstrap', 'c', 'ci', 'devops', 'kafka', 'ml', 'mysql', 'r', 'sql']",51.9,agile scrum html5 css html numpy computer vision api r mysql eda jquery databricks bitbucket,bootstrap kafka ci devops bootstrap ml mysql
2,7,0.1610657423734665,12,9,0.2222222222222222,"['amazon web services', 'c', 'cd', 'collaboration', 'deep learning', 'flask', 'git', 'github', 'pandas', 'r', 'rest', 'sklearn']","['backend', 'c', 'css', 'css3', 'integration testing', 'kafka', 'r', 'react', 'react native']",34.7,deep learning rest github flask collaboration amazon web services cd sklearn pandas,react native kafka backend integration testing css redis css3
3,13,0.3137332797050476,21,13,0.1875,"['ansible', 'backend', 'bert', 'c', 'c++', 'data visualization', 'elasticsearch', 'gensim', 'natural language processing', 'nlp', 'r', 'sql', 'stable diffusion', 'terraform', 'test driven development', 'visualization', 'windows']","['angular', 'c', 'feature engineering', 'java', 'javascript', 'nltk', 'node.js', 'php', 'power bi', 'powerbi', 'r', 'redux', 'rest', 'sql', 'tensorflow', 'trello']",41.3,sql c++ windows ansible elasticsearch machine learning test driven development backend gensim stable diffusion nlp bert natural language processing terraform visualization,angular node.js javascript trello redux nltk tensorflow rest php powerbi feature engineering sql
2,16,-0.02684353105723858,6,18,0.1111111111111111,"['api', 'c', 'css', 'huggingface', 'problem solving', 'r', 'tdd']","['agile', 'c', 'dart', 'databricks', 'etl', 'exploratory data analysis', 'git', 'go', 'graphql', 'integration testing', 'kafka', 'mongodb', 'mysql', 'probability', 'r', 'regression', 'slack', 'sql']",8.7,api css huggingface tdd problem solving,databricks integration testing probability regression slack databricks etl git kafka graphql aws exploratory data analysis agile mysql mongodb
4,11,0.281516432762146,15,16,0.26666666666666666,"['android', 'api', 'c', 'ci', 'cloudflare', 'css', 'data visualization', 'etl', 'go', 'java', 'mongodb', 'r', 'rest', 'rest api', 'tableau', 'visualization', 'vue', 'vue.js']","['ai', 'c', 'ci', 'data science', 'devops', 'git', 'github', 'gitlab', 'java', 'kafka', 'node.js', 'r', 'spark', 'tailwind', 'unit testing']",40.8,tableau r rest api cloudflare full-stack data visualization mongodb etl vue.js java css ci android,java gitlab devops data science scikit-learn unit testing tailwind data pipeline spark kafka node.js node.js github
2,9,0.36658427119255066,9,7,0.18181818181818182,"['c', 'colab', 'deep learning', 'html', 'java', 'matplotlib', 'ml', 'r', 'react', 'react.js', 'reactjs', 'spark']","['c', 'data visualization', 'express', 'gcp', 'git', 'jira', 'node.js', 'nodejs', 'python', 'r', 'visualization']",43.8,matplotlib spark html java colab react reactjs deep learning,python git gcp jira express nodejs visualization
2,6,0.0836687833070755,6,6,0.25,"['c', 'databricks', 'etl', 'jira', 'keras', 'next.js', 'pytorch', 'r', 'torch']","['c', 'mysql', 'oracle', 'php', 'r', 'sql', 'stable diffusion', 'tableau']",31.7,pytorch jira next.js etl keras databricks,php stable diffusion tableau oracle mysql
2,9,0.22483094036579132,13,9,0.18181818181818182,"['ai', 'angular', 'bdd', 'c', 'communication', 'flask', 'gcp', 'jquery', 'ml', 'nlp', 'oauth', 'r', 'test driven development', 'xml']","['git', 'github', 'mariadb', 'nlp', 'nltk', 'php', 'postgresql', 'python', 'r', 'sql', 'tensorflow']",36.7,xml test driven development bdd communication oauth nlp ai gcp jquery angular flask,tensorflow mariadb nlp tensorflow nltk postgresql github php python
2,8,0.12112725526094437,9,9,0.2,"['ai', 'c', 'c++', 'computer vision', 'elasticsearch', 'feature engineering', 'langchain', 'next.js', 'r', 'terraform']","['c', 'devops', 'go', 'google cloud', 'java', 'kafka', 'postgresql', 'python', 'r', 'sql']",32.1,langchain elasticsearch feature engineering computer vision next.js terraform c++,devops python kafka postgresql java data cleaning google cloud
3,13,0.21922282874584198,10,14,0.1875,"['ai', 'api', 'aws', 'c', 'c++', 'css', 'gcp', 'r', 'rest', 'rest api', 'statistics', 'tailwind', 'transformers', 'visualization']","['azure', 'c', 'cv', 'git', 'macos', 'mysql', 'nlp', 'node.js', 'pytorch', 'r', 'regression', 'rest', 'sql', 'test driven development', 'torch', 'typescript']",30.9,c++ css tailwind rest api aws statistics visualization transformers gcp,node.js test driven development pytorch rest azure mysql nlp cv typescript macos regression git
4,15,0.4073740243911743,18,19,0.21052631578947367,"['big data', 'c', 'deep learning', 'django', 'git', 'github', 'go', 'hadoop', 'heroku', 'linear algebra', 'macos', 'ml', 'next.js', 'oop', 'r', 'react', 'react native', 'seaborn', 'spark', 'xml']","['api', 'bash', 'big data', 'c', 'deep learning', 'gcp', 'mariadb', 'model evaluation', 'nlp', 'postman', 'r', 'rest', 'rest api', 'spring', 'spring boot', 'sql', 'sql server', 'statistics', 'windows']",45.6,django spark github react native big data deep learning xml mlops heroku next.js linear algebra seaborn macos hadoop,mariadb rest api bash nlp big data model evaluation statistics postman deep learning gcp sql server spring boot windows
4,14,0.4179757535457611,11,16,0.2222222222222222,"['backend', 'business intelligence', 'c', 'git', 'github', 'go', 'google cloud', 'machine learning', 'ml', 'model deployment', 'r']","['ai', 'azure', 'bdd', 'c', 'confluence', 'dbt', 'docker', 'eda', 'expo', 'gcp', 'go', 'jwt', 'machine learning', 'mongodb', 'r', 'redis', 'redux', 'tailwind']",41.3,machine learning mlops google cloud model deployment business intelligence backend github,tailwind redis confluence gcp docker bdd eda azure redux dbt machine learning mongodb jwt gcp expo
3,9,0.35256335139274597,13,8,0.25,"['c', 'deep learning', 'gcp', 'gensim', 'kafka', 'matlab', 'mern', 'numpy', 'powershell', 'r', 'react', 'trello']","['c', 'etl', 'llm', 'machine learning', 'matlab', 'mysql', 'netlify', 'next.js', 'power bi', 'powerbi', 'r', 'sql']",45.1,react deep learning numpy gensim trello gcp kafka matlab model serving powershell mern,matlab powerbi llm next.js machine learning netlify mysql
2,14,0.060681991279125214,6,14,0.125,"['c', 'hive', 'html', 'ml', 'nlp', 'oracle', 'r', 'react', 'rest']","['angular', 'ansible', 'bitbucket', 'bootstrap', 'c', 'calculus', 'computer vision', 'go', 'jira', 'jquery', 'kotlin', 'mongodb', 'next.js', 'notion', 'r', 'transformers']",15.4,nlp react rest hive html oracle,mongodb kotlin next.js angular transformers jquery notion bitbucket computer vision bootstrap ansible calculus jira
5,12,0.3829788565635681,19,14,0.29411764705882354,"['c', 'django', 'eda', 'etl', 'frontend', 'git', 'go', 'large language model', 'matplotlib', 'ml', 'mongodb', 'natural language processing', 'r', 'scrum', 'vercel']","['api', 'c', 'docker', 'go', 'html', 'linux', 'machine learning', 'ml', 'mongodb', 'postgresql', 'python', 'r', 'rest', 'rest api', 'sql', 'ubuntu', 'visualization']",48.0,scrum vercel etl frontend large language model git mlops mongodb django natural language processing eda data cleaning matplotlib ml,ubuntu python sql machine learning visualization rest api go linux html postgresql mongodb docker
5,13,0.3823464512825012,19,14,0.2777777777777778,"['amazon web services', 'bert', 'c', 'ci', 'etl', 'integration testing', 'netlify', 'node.js', 'nosql', 'notion', 'numpy', 'probability', 'python', 'r', 'sql', 'tls', 'typescript', 'zsh']","['ai', 'analytics', 'c', 'ci', 'dbt', 'dl', 'elasticsearch', 'langchain', 'mariadb', 'mysql', 'postgresql', 'r', 'ruby', 'sql', 'tailwind', 'tdd', 'tls', 'transformers']",47.5,bert notion integration testing node.js r numpy typescript netlify tls probability python data science zsh nosql amazon web services,dl postgresql langchain ruby mysql analytics tls mariadb elasticsearch ci tailwind dbt transformers tdd
4,13,0.3776792883872986,20,16,0.23529411764705882,"['analytics', 'api', 'c', 'ci', 'exploratory data analysis', 'expo', 'hadoop', 'java', 'javascript', 'large language model', 'linux', 'node.js', 'onnx', 'oop', 'powershell', 'r', 'scikit learn', 'scikit-learn', 'vercel']","['bash', 'big data', 'c', 'ci', 'computer vision', 'data science', 'express', 'flutter', 'html', 'html5', 'llm', 'ml', 'node.js', 'r', 'transformers', 'vue', 'xgboost']",45.9,exploratory data analysis large language model linux scikit learn node.js onnx analytics hadoop vercel javascript powershell api expo data science,html express data science transformers mlops llm flutter bash computer vision vue big data node.js xgboost
2,8,0.24975499510765076,9,7,0.2,"['ai', 'c', 'elasticsearch', 'jupyter', 'machine learning', 'postgresql', 'python', 'r', 'react', 'sql', 'tailwind']","['azure', 'c', 'ci', 'etl', 'java', 'javascript', 'ml', 'r', 'scrum', 'xml']",38.5,full-stack python tailwind postgresql machine learning react elasticsearch jupyter,ml azure scikit-learn javascript etl scrum xml
2,16,0.19132746756076813,9,17,0.1111111111111111,"['agile', 'android', 'azure', 'c', 'ci', 'data science', 'design patterns', 'html', 'html5', 'ml', 'r']","['c', 'cv', 'docker', 'eda', 'etl', 'flask', 'git', 'github', 'go', 'model deployment', 'mysql', 'oracle', 'penetration testing', 'postgresql', 'probability', 'r', 'sql', 'swift']",23.5,android design patterns agile azure data science aws html,oracle etl github penetration testing go cv probability docker model deployment flask swift eda github mysql postgresql
3,8,0.10558315366506577,7,9,0.2727272727272727,"['analytics', 'c', 'cross validation', 'dart', 'data analysis', 'data analytics', 'ml', 'nlp', 'r']","['c', 'collaboration', 'databricks', 'hadoop', 'ml', 'oop', 'project management', 'r', 'sklearn', 'tdd', 'xml']",29.0,data analytics keras ml nlp cross validation,sklearn hadoop r project management databricks xml collaboration tdd
3,11,0.3811802864074707,6,10,0.21428571428571427,"['c', 'dart', 'etl', 'mysql', 'node.js', 'oracle', 'r', 'seaborn', 'sql']","['ai', 'analytics', 'c', 'c++', 'dbt', 'go', 'mongodb', 'node.js', 'r', 'spring', 'spring boot', 'tableau', 'tailwind', 'vscode']",37.5,node.js etl seaborn dart oracle mysql,node.js dbt vscode mongodb analytics spring boot c++ tailwind tableau
2,8,0.3058379888534546,19,9,0.2,"['business intelligence', 'c', 'cassandra', 'ci', 'dart', 'heroku', 'matplotlib', 'model evaluation', 'nosql', 'penetration testing', 'r', 'regression', 'spark', 'sql', 'tableau', 'windows']","['c', 'etl', 'git', 'github', 'jenkins', 'llm', 'python', 'r', 'vue', 'vue.js']",41.3,heroku nosql r scikit-learn problem solving tableau windows model evaluation regression matplotlib dart business intelligence spark penetration testing cassandra,r github jenkins etl llm python machine learning vue.js
3,12,0.3548889458179474,8,15,0.2,"['c', 'gensim', 'hadoop', 'natural language processing', 'oop', 'postgresql', 'pytorch', 'r', 'sql', 'tensorflow', 'torch']","['c', 'cd', 'collaboration', 'etl', 'express', 'git', 'github', 'huggingface', 'java', 'jwt', 'matplotlib', 'natural language processing', 'powershell', 'r', 'zsh']",34.4,natural language processing tensorflow postgresql hadoop pytorch gensim,natural language processing express collaboration java zsh etl powershell cd github matplotlib github jwt huggingface
2,14,0.16867880523204803,6,13,0.125,"['c', 'gensim', 'java', 'kotlin', 'python', 'vscode']","['ai', 'angular', 'api', 'azure', 'c', 'expo', 'git', 'gitlab', 'java', 'javascript', 'jwt', 'model evaluation', 'r', 'terraform', 'torch', 'ubuntu']",21.4,gensim vscode kotlin java python java,model evaluation angular gitlab ai javascript expo jwt api azure ubuntu terraform torch
2,14,0.3523198366165161,19,19,0.125,"['c', 'design patterns', 'etl', 'git', 'github', 'netlify', 'neural networks', 'oracle', 'r', 'react', 'react native', 'sql', 'sql server', 'tensorflow', 'terraform', 'time series']","['ai', 'azure', 'c', 'c++', 'ci', 'exploratory data analysis', 'expo', 'go', 'google cloud', 'heroku', 'next.js', 'numpy', 'postman', 'r', 'tailwind', 'trello']",41.4,aws react native neural networks tensorflow oracle sql server devops react time series r github terraform design patterns netlify,heroku tailwind google cloud expo exploratory data analysis data analysis trello azure next.js c++ numpy devops postman scikit-learn expo
3,12,0.38665103912353516,17,15,0.2,"['c', 'ci', 'cloudflare', 'computer vision', 'expo', 'express', 'java', 'javascript', 'jwt', 'kotlin', 'onnx', 'r', 'seaborn', 'spacy', 'spark', 'ssl', 'tdd', 'visualization']","['analytics', 'c', 'css', 'css3', 'deep learning', 'django', 'go', 'kubernetes', 'model evaluation', 'mysql', 'node.js', 'owasp', 'r', 'sql', 'tdd']",45.3,express cloudflare pandas spark onnx ssl kotlin spacy data science javascript computer vision jwt seaborn visualization tdd,owasp mysql deep learning model evaluation analytics machine learning tdd node.js css3 kubernetes django sql
3,14,0.08757460862398148,13,11,0.17647058823529413,"['api', 'bdd', 'git', 'gitlab', 'java', 'kafka', 'linear algebra', 'mysql', 'r', 'ruby', 'spring', 'sql', 'zsh']","['ai', 'airflow', 'bdd', 'c', 'hadoop', 'java', 'javascript', 'jquery', 'node.js', 'nodejs', 'oop', 'r', 'react', 'react.js', 'reactjs', 'stable diffusion', 'vscode']",29.7,spring java zsh api mysql gitlab model serving ruby bdd kafka linear algebra,stable diffusion airflow bdd nodejs javascript c# hadoop reactjs vscode jquery
3,12,0.3231457471847534,19,18,0.2,"['big data', 'c', 'cd', 'ci', 'databricks', 'go', 'hadoop', 'machine learning', 'matplotlib', 'mongodb', 'neural networks', 'notion', 'onnx', 'oop', 'r', 'spring', 'spring boot', 'tableau', 'typescript', 'zsh']","['azure', 'backend', 'c', 'collaboration', 'devops', 'elasticsearch', 'html', 'html5', 'large language model', 'ml', 'r', 'react', 'react native', 'test driven development', 'zsh']",42.2,zsh neural networks matplotlib machine learning onnx mongodb tableau ci typescript big data spring boot notion hadoop ci/cd databricks,react native collaboration large language model devops model serving test driven development r backend azure html5 elasticsearch zsh
4,3,0.3572482764720917,12,6,0.5714285714285714,"['c', 'java', 'jira', 'large language model', 'power bi', 'powerbi', 'python', 'r', 'tdd', 'vscode']","['c', 'collaboration', 'java', 'nlp', 'r', 'react', 'vscode']",55.0,r data analysis large language model powerbi jira vscode python tdd java,nlp full-stack collaboration java vscode react
2,6,0.020955141633749008,11,6,0.25,"['bitbucket', 'c', 'databricks', 'django', 'docker', 'flask', 'go', 'huggingface', 'nlp', 'power bi', 'powerbi', 'r']","['c', 'computer vision', 'html', 'jira', 'ml', 'oracle', 'postman', 'r']",28.5,power bi flask docker huggingface nlp django problem solving bitbucket databricks,postman computer vision jira html oracle
1,9,0.12454600632190704,8,8,0.1,"['api', 'lightgbm', 'r', 'test driven development']","['c', 'ios', 'java', 'javascript', 'probability', 'r', 'spring', 'sql', 'sqlite', 'ssl']",29.2,api lightgbm test driven development data analysis api,probability ssl javascript ios unit testing spring sqlite
7,9,0.47100359201431274,18,14,0.4375,"['api', 'bash', 'bdd', 'c', 'c++', 'ci', 'databricks', 'gcp', 'model evaluation', 'mysql', 'node.js', 'oauth', 'r', 'react', 'react native', 'scrum', 'sql', 'tableau']","['agile', 'bitbucket', 'c', 'databricks', 'express', 'java', 'keras', 'ml', 'mysql', 'r', 'react', 'react native', 'slack', 'sql', 'time series', 'xml']",56.7,c++ api bdd model evaluation react native gcp bash scrum databricks mysql tableau data science aws node.js oauth,react native express bitbucket databricks r agile slack java mysql time series xml keras
4,11,0.39828163385391235,14,17,0.26666666666666666,"['azure', 'bdd', 'c', 'flask', 'jquery', 'keras', 'kubernetes', 'python', 'r', 'react', 'react native', 'react.js', 'reactjs', 'spring', 'windows']","['c', 'colab', 'dart', 'data engineering', 'encryption', 'flask', 'java', 'javascript', 'keras', 'nltk', 'node.js', 'onnx', 'r', 'test driven development', 'trello']",44.4,azure flask react devops react.js jquery keras react native spring kubernetes python bdd windows,data engineering javascript test driven development trello c# nltk encryption keras flask onnx node.js data pipeline colab
1,8,0.2731952667236328,18,9,0.1111111111111111,"['ai', 'c', 'ci', 'data science', 'docker', 'git', 'gitlab', 'go', 'google cloud', 'jira', 'jwt', 'jwt auth', 'langchain', 'linux', 'node.js', 'power bi', 'powerbi', 'pytorch', 'r', 'spacy', 'torch', 'typescript']","['bash', 'feature engineering', 'figma', 'hadoop', 'kafka', 'oop', 'postman', 'r', 'seaborn']",37.0,ai langchain powerbi gitlab node.js jira git data science typescript google cloud jwt auth linux pytorch docker spacy,feature engineering bash postman kafka figma hadoop seaborn kafka
2,8,0.3185848295688629,9,9,0.2,"['android', 'angular', 'c', 'etl', 'express', 'git', 'github', 'r', 'tableau', 'typescript']","['business intelligence', 'c', 'cd', 'expo', 'gcp', 'jquery', 'nlp', 'oauth', 'r', 'tdd']",41.9,github tableau etl typescript data wrangling android express angular,jquery business intelligence tdd expo gcp cd nlp oauth
2,16,0.3000251352787018,14,15,0.1111111111111111,"['c', 'cassandra', 'ci', 'deep learning', 'etl', 'jquery', 'jwt', 'mern', 'netlify', 'nltk', 'r', 'seaborn', 'tableau', 'vscode']","['api', 'c', 'c++', 'django', 'docker', 'encryption', 'go', 'java', 'javascript', 'json', 'kubernetes', 'model evaluation', 'power bi', 'powerbi', 'r', 'regression', 'spark', 'xgboost']",37.0,netlify deep learning model serving vscode jquery nltk jwt seaborn scikit-learn tableau mern cassandra,model evaluation kubernetes power bi django docker c++ regression xgboost javascript api encryption json spark
3,11,0.425788551568985,18,19,0.21428571428571427,"['bert', 'c', 'cv', 'databricks', 'deep learning', 'etl', 'git', 'go', 'google cloud', 'java', 'netlify', 'node.js', 'numpy', 'r', 'react', 'react native', 'spark', 'tableau']","['c', 'computer vision', 'cross validation', 'dart', 'data engineering', 'docker', 'html', 'jwt', 'keras', 'kotlin', 'ml', 'natural language processing', 'r', 'tableau']",46.7,bert netlify git problem solving databricks cv numpy tableau node.js google cloud react native deep learning java spark,data engineering r docker natural language processing keras html docker kotlin computer vision cross validation tableau full-stack html jwt
5,10,0.12658484280109406,20,12,0.3333333333333333,"['ansible', 'api', 'business intelligence', 'c', 'confluence', 'css', 'css3', 'docker', 'frontend', 'go', 'google cloud', 'linear algebra', 'ml', 'probability', 'r', 'rest', 'rest api', 'xml']","['api', 'bash', 'big data', 'c', 'ci', 'databricks', 'express', 'integration testing', 'mysql', 'r', 'rest', 'rest api', 'spring', 'sql', 'sqlite']",36.3,css problem solving c# redis linear algebra xml confluence frontend probability business intelligence ansible r rest api google cloud docker,rest api rest express bash mysql scikit-learn sqlite integration testing databricks spring
2,6,0.3122290372848511,18,8,0.25,"['amazon web services', 'c', 'django', 'express', 'flutter', 'go', 'java', 'javascript', 'jwt', 'jwt auth', 'matplotlib', 'model deployment', 'r', 'react', 'react native', 'seaborn', 'tableau', 'typescript']","['analytics', 'bash', 'bert', 'c', 'data analytics', 'flask', 'numpy', 'r']",43.1,javascript express jwt auth amazon web services django react native tableau javascript model deployment flutter seaborn typescript matplotlib,bert machine learning data analytics flask numpy bash
2,10,0.1809064894914627,8,11,0.16666666666666666,"['backend', 'c', 'ci', 'cv', 'html', 'ml', 'postgresql', 'r', 'sql', 'transformers', 'windows']","['angular', 'api', 'bootstrap', 'c', 'docker', 'frontend', 'mern', 'r', 'rest', 'rest api', 'seaborn', 'terraform']",28.6,backend cv html transformers postgresql windows data science,frontend rest api bootstrap seaborn terraform docker angular machine learning mern
2,15,0.2766888439655304,16,19,0.11764705882352941,"['analytics', 'c', 'data analytics', 'elasticsearch', 'etl', 'git', 'gitlab', 'natural language processing', 'netlify', 'node.js', 'r', 'react', 'react.js', 'reactjs', 'spark', 'spring', 'spring boot', 'vscode']","['c', 'cd', 'data visualization', 'feature engineering', 'gpt', 'java', 'javascript', 'jquery', 'neural networks', 'nlp', 'power bi', 'powerbi', 'python', 'r', 'rest', 'transformers', 'visualization']",34.2,spring boot elasticsearch vscode data analytics netlify node.js react etl spark gitlab reactjs natural language processing,cd python javascript transformers pandas rest python machine learning data visualization jquery neural networks powerbi gpt feature engineering nlp
